Location_ID,Slope_Angle (°),Elevation (m),Rainfall (mm/day),Soil_Moisture (%),Land_Cover_Type,Distance_To_River (m),Seismic_Activity (Richter),Landslide (0/1)
1,59,2296,193,29,4,107,2.9,1
2,36,751,168,38,2,1510,3.0,0
3,54,1982,151,33,2,1184,5.5,1
4,11,1611,34,27,3,178,1.4,0
5,12,869,183,19,3,1922,5.7,0
6,69,2521,285,50,3,755,4.5,1
7,61,880,56,17,3,1998,2.9,0
8,63,1816,221,35,3,901,3.2,1
9,58,2307,302,38,1,1399,1.8,0
10,55,2498,162,19,1,57,5.3,1
11,12,1411,18,26,4,78,3.6,0
12,38,1349,369,11,2,1185,2.2,0
13,39,622,263,15,1,996,4.2,0
14,36,621,281,14,1,1746,7.0,0
15,50,882,112,37,1,180,3.0,0
16,20,2420,487,50,4,237,6.4,0
17,41,1035,326,14,3,1748,2.4,0
18,58,2330,29,27,4,758,0.4,0
19,18,1788,134,35,2,1548,1.4,1
20,59,587,66,29,2,1437,2.9,0
21,52,1950,64,50,2,1277,1.5,0
22,11,945,291,58,2,261,0.0,0
23,11,2271,24,36,1,1694,6.4,0
24,37,2937,36,58,1,325,5.9,0
25,27,2561,0,21,4,1146,5.2,0
26,23,2103,398,16,3,1752,1.2,1
27,23,1848,36,12,2,1845,0.8,1
28,40,785,140,19,4,292,0.5,0
29,33,2260,231,43,1,1860,5.1,0
30,64,2269,135,34,1,1175,6.5,0
31,6,1667,388,44,3,1036,3.0,0
32,5,1345,187,25,3,734,0.8,0
33,51,138,127,11,3,220,3.6,0
34,24,2644,200,33,4,702,2.4,0
35,15,879,126,19,1,1982,2.6,0
36,6,1356,256,47,1,237,4.3,0
37,16,2296,163,31,3,1514,5.0,1
38,24,2808,34,35,2,1159,0.8,0
39,9,2027,193,52,3,1549,0.2,1
40,41,401,190,48,4,101,7.0,1
41,42,2385,103,36,3,160,1.6,0
42,13,746,22,38,3,926,0.4,0
43,57,762,264,56,4,1927,1.3,0
44,48,2383,289,47,3,1116,0.3,1
45,28,1859,429,29,1,260,2.7,1
46,34,2350,461,36,2,1273,5.6,0
47,63,355,383,50,3,1883,2.4,0
48,18,697,259,29,4,907,3.1,1
49,13,761,413,53,2,1825,4.7,0
50,44,334,478,28,4,676,3.6,1
51,70,1468,357,29,2,1099,6.0,1
52,29,2681,74,44,2,1992,6.1,0
53,26,869,354,56,3,348,0.1,0
54,8,2688,71,11,1,1150,5.4,0
55,30,312,258,39,3,973,3.2,0
56,62,562,397,43,4,186,6.9,0
57,33,2583,187,31,4,1093,3.4,1
58,41,382,460,12,2,489,6.9,1
59,22,1586,172,15,2,260,5.3,1
60,46,1530,479,24,1,801,1.7,0
61,45,187,289,36,3,1624,3.8,1
62,42,1167,44,19,4,484,6.9,1
63,38,560,60,18,2,829,6.0,0
64,21,2425,82,42,1,1280,0.7,0
65,41,2568,122,41,4,488,4.9,0
66,29,1824,357,57,2,1852,2.4,1
67,31,1476,15,15,4,715,0.0,0
68,61,2843,65,50,1,1115,2.8,1
69,35,614,423,45,1,460,1.6,0
70,10,802,144,11,4,1596,5.7,1
71,44,1753,374,38,3,855,2.4,0
72,16,2166,161,13,4,659,5.8,0
73,57,122,233,10,2,476,0.0,0
74,14,2560,379,28,3,1348,2.2,0
75,49,1153,143,35,2,1521,1.7,1
76,21,1930,357,34,4,951,1.6,0
77,30,2255,187,19,3,991,0.5,0
78,66,1404,321,24,2,1957,1.3,0
79,50,1234,449,31,4,791,3.9,0
80,68,2283,473,60,4,1442,2.0,0
81,6,461,12,57,3,1293,2.9,0
82,58,2276,183,30,4,1650,2.6,1
83,69,1999,110,31,1,1940,6.1,0
84,55,1384,414,45,2,1305,6.3,1
85,57,614,289,43,2,377,3.5,1
86,40,548,294,39,4,1516,2.3,0
87,30,2023,450,34,4,101,0.7,0
88,33,1606,391,54,1,1959,6.7,0
89,25,1347,214,37,3,425,0.4,1
90,15,1955,461,10,4,312,2.1,1
91,44,973,119,58,4,316,2.1,0
92,15,2620,381,54,4,408,2.2,1
93,40,1528,54,13,4,1390,1.2,0
94,63,2449,26,16,2,1397,5.5,1
95,43,2378,117,58,4,1994,0.9,1
96,58,1854,220,18,2,1981,4.4,0
97,59,1022,230,45,4,1739,0.9,0
98,28,2259,52,28,3,1943,0.5,0
99,26,1136,294,10,1,1951,6.4,0
100,60,1516,320,19,3,701,1.3,1
101,37,2647,400,45,4,1636,5.7,0
102,40,2745,232,18,4,1702,3.8,0
103,24,2381,157,54,4,1494,0.5,0
104,66,2749,436,55,3,95,6.7,1
105,30,413,268,51,4,1894,1.7,0
106,70,2713,20,41,3,649,6.0,0
107,44,2356,402,41,2,769,1.2,0
108,21,2097,52,15,1,1962,6.0,1
109,5,1137,274,57,1,1342,0.1,1
110,65,1756,312,47,3,650,3.6,0
111,47,2734,280,26,2,430,5.4,0
112,46,1878,213,19,3,167,6.5,0
113,29,1114,30,59,2,1639,6.4,0
114,43,1193,336,36,4,165,5.7,0
115,39,1224,182,59,2,1703,6.2,1
116,7,797,22,44,2,309,1.4,0
117,48,2279,31,30,2,1148,2.0,1
118,55,1504,445,34,1,1553,2.0,0
119,16,1255,73,37,2,354,2.6,1
120,23,1143,9,56,4,56,2.8,1
121,48,2029,483,24,4,415,3.8,0
122,63,2683,455,13,4,1707,1.1,0
123,53,1113,53,38,2,572,4.8,0
124,65,326,51,18,3,1421,1.2,0
125,21,1928,147,36,3,1511,2.2,0
126,61,1592,159,35,4,1288,3.5,0
127,59,921,369,28,1,478,5.6,1
128,51,2123,13,37,3,840,5.2,0
129,16,970,177,26,2,1571,4.5,1
130,66,2552,411,52,3,1613,1.1,0
131,12,2349,365,50,4,796,3.8,1
132,25,2185,499,51,1,416,0.6,0
133,29,1895,52,59,3,362,2.6,1
134,16,287,407,29,3,587,2.9,0
135,19,1180,334,54,4,970,0.3,0
136,63,1040,21,49,1,1127,1.9,0
137,30,2420,29,48,1,1614,6.7,0
138,30,2730,190,58,4,1540,6.7,0
139,51,2663,259,32,2,914,2.5,0
140,36,625,204,56,3,1237,0.3,0
141,14,435,58,41,2,831,1.3,1
142,20,2845,470,56,3,383,2.7,0
143,21,1178,263,42,3,1620,6.6,0
144,27,2647,465,55,2,847,1.0,1
145,30,2913,11,14,4,397,5.3,0
146,11,2683,118,52,4,322,0.8,0
147,18,261,414,57,3,1012,6.9,0
148,11,693,461,43,4,769,2.7,1
149,13,2038,289,49,3,1823,5.4,1
150,52,2306,337,20,4,1487,2.4,1
151,63,159,247,59,3,549,4.4,0
152,43,2001,353,12,4,1166,1.3,1
153,22,2358,126,42,1,734,1.0,0
154,63,505,74,20,2,128,6.6,0
155,21,763,360,25,1,671,6.4,0
156,18,1232,203,27,2,1290,6.2,0
157,35,1199,48,39,2,996,4.4,0
158,28,641,78,57,3,407,5.7,0
159,64,1437,440,19,2,667,0.5,0
160,49,1097,478,27,1,556,2.3,0
161,7,1240,240,47,1,1632,2.2,1
162,41,967,348,28,4,1254,4.4,0
163,47,2166,153,45,1,625,2.5,1
164,44,531,273,22,4,1319,1.0,0
165,59,839,95,55,2,293,4.2,1
166,43,1473,213,12,1,555,5.7,0
167,19,282,293,19,2,471,2.7,0
168,8,2260,208,47,1,1393,0.9,0
169,29,1306,342,10,1,1160,1.4,0
170,17,2628,87,36,4,266,1.7,1
171,37,1269,305,55,2,1563,2.1,0
172,20,930,263,17,1,1592,4.5,0
173,46,1751,424,60,3,1351,4.2,1
174,70,1236,389,55,2,1922,4.9,0
175,59,2910,324,51,2,1795,2.5,0
176,46,575,427,26,2,1058,5.8,0
177,38,2910,376,18,4,1242,1.4,0
178,34,1426,319,15,3,379,3.3,0
179,17,1070,156,52,2,699,5.6,0
180,17,1119,155,34,1,1514,1.3,1
181,22,1241,138,48,1,440,0.8,0
182,36,1936,120,58,4,1569,6.2,0
183,43,260,64,37,1,430,2.4,0
184,50,2548,106,42,2,1379,4.8,1
185,33,297,146,46,1,791,0.2,1
186,66,1383,136,18,2,869,4.8,0
187,66,759,410,27,1,722,2.2,1
188,61,1875,161,30,3,562,0.4,0
189,20,1170,427,11,4,1821,4.3,0
190,60,2110,451,52,4,998,1.7,0
191,14,498,99,47,3,1261,2.7,0
192,34,1833,337,49,3,979,0.6,0
193,29,1682,398,45,4,1589,1.0,1
194,9,2225,306,59,3,962,2.1,0
195,69,2271,140,52,2,693,0.6,1
196,53,174,82,46,1,476,6.4,0
197,7,2284,176,24,4,551,0.0,0
198,49,701,197,37,3,779,3.4,0
199,18,936,111,27,2,1333,0.9,0
200,34,1628,55,43,4,1586,2.2,0
201,22,599,459,31,3,120,6.5,0
202,66,1696,178,20,4,527,1.1,0
203,41,237,420,22,3,1251,6.8,0
204,29,2197,400,13,4,506,1.4,1
205,52,1894,185,31,2,238,5.2,0
206,69,1072,470,16,2,340,3.8,0
207,57,1742,217,52,1,1593,6.2,0
208,19,1985,412,33,4,1838,3.9,1
209,53,2401,416,13,1,969,3.7,1
210,16,2128,315,37,4,341,1.4,0
211,63,2857,474,24,3,805,1.2,0
212,41,2000,216,10,3,1708,6.4,0
213,65,2710,119,12,1,1884,2.3,1
214,47,2904,438,23,4,1356,2.6,0
215,43,1549,393,47,1,1617,5.3,0
216,60,646,174,59,2,1919,2.4,0
217,67,1021,22,10,1,426,6.7,0
218,50,680,212,47,1,1731,5.2,1
219,15,1472,404,47,3,1229,4.2,0
220,66,2056,234,30,1,557,6.2,0
221,29,2103,12,57,4,1486,0.3,0
222,56,2196,100,38,3,577,1.8,1
223,8,803,416,14,1,1428,3.3,1
224,63,2408,23,58,2,608,1.6,0
225,24,2503,363,19,1,1836,5.2,0
226,67,1725,10,37,1,1260,6.4,1
227,58,737,272,30,1,1104,3.0,0
228,61,2890,451,59,3,309,2.4,0
229,45,1109,430,16,4,470,6.7,0
230,7,740,280,12,2,1602,3.1,1
231,10,2939,93,54,1,1624,3.4,0
232,9,2759,200,56,4,353,2.5,1
233,9,1961,20,29,4,991,6.4,0
234,58,2956,339,28,3,1112,4.0,0
235,51,1305,466,44,2,1562,5.3,0
236,53,785,210,13,3,1717,5.7,0
237,13,1951,139,14,4,591,2.4,0
238,24,287,292,10,4,1743,3.0,0
239,65,1719,297,13,4,1351,5.9,0
240,39,1787,400,21,3,1276,2.5,1
241,54,1084,100,36,2,1139,5.6,1
242,66,647,303,51,1,157,6.6,0
243,21,2872,358,32,3,317,4.4,0
244,7,1531,27,34,4,271,5.2,0
245,36,975,40,30,3,1877,5.6,0
246,17,717,354,33,4,1603,5.9,1
247,18,2561,302,34,1,1163,2.8,0
248,15,1465,495,54,1,742,0.4,0
249,60,1343,145,55,2,304,2.8,1
250,33,1002,255,41,4,1528,4.7,0
251,13,262,461,41,2,302,3.2,0
252,29,2074,226,14,2,306,5.2,0
253,46,369,235,45,1,432,2.5,0
254,13,731,360,55,3,491,4.4,0
255,44,1005,379,51,3,1931,1.3,1
256,29,2114,454,58,2,648,5.2,1
257,9,1741,488,51,1,1163,3.8,0
258,15,304,12,48,4,1822,1.4,1
259,63,681,209,25,3,439,2.0,0
260,42,1679,228,42,2,631,5.2,1
261,9,940,396,58,3,1117,3.4,0
262,52,1936,99,30,3,1785,1.5,1
263,22,1351,30,18,4,1737,6.8,1
264,41,1819,385,15,1,647,5.0,0
265,64,1742,15,60,4,68,6.7,1
266,52,2743,136,54,1,1174,3.0,1
267,32,2397,328,44,3,1987,3.3,1
268,44,974,165,48,2,656,6.3,0
269,49,1564,458,31,4,1839,3.7,1
270,66,2343,309,50,1,1430,5.0,1
271,62,789,439,14,3,1615,1.8,0
272,60,2110,469,51,1,1834,3.1,1
273,44,2786,480,32,1,82,0.9,0
274,44,1522,99,26,1,1302,1.4,0
275,37,2101,108,21,3,1597,0.0,0
276,10,771,342,32,2,1703,0.3,0
277,23,1271,172,25,2,911,6.8,0
278,44,1595,236,12,2,204,1.7,0
279,63,1043,161,39,1,1496,4.6,1
280,63,2346,392,31,3,954,5.9,0
281,52,1549,215,18,1,1319,3.9,0
282,45,2639,263,38,2,454,1.1,0
283,17,995,262,56,2,893,5.1,0
284,49,2289,291,46,3,1832,4.2,1
285,57,1436,273,32,1,1614,5.1,0
286,46,264,2,22,4,1234,5.4,1
287,67,2461,27,41,4,796,6.8,0
288,31,2168,325,55,2,1775,4.0,0
289,42,1205,491,56,3,1190,2.4,0
290,64,1853,427,57,1,320,4.5,0
291,11,2452,148,32,1,819,0.5,0
292,9,2038,27,54,2,1765,6.3,0
293,49,470,487,26,2,1560,0.8,0
294,62,1980,309,49,1,1958,2.3,1
295,35,952,437,30,1,221,5.7,0
296,27,483,64,11,2,323,4.2,0
297,46,2031,355,46,1,308,2.8,0
298,14,2592,20,15,4,1208,3.3,0
299,36,524,251,53,2,1756,6.0,1
300,57,2308,234,27,1,1795,2.4,0
301,34,728,226,39,2,1821,6.1,0
302,43,994,12,31,3,471,0.6,1
303,35,2637,312,42,2,1494,5.4,0
304,6,2474,48,39,2,1259,5.9,0
305,16,697,117,26,3,413,1.3,0
306,43,2436,53,52,4,1680,3.0,0
307,70,692,137,41,1,427,1.2,1
308,17,1787,52,51,3,1596,4.9,1
309,50,672,43,60,2,629,3.7,1
310,31,2175,302,23,1,940,4.4,0
311,21,2190,52,19,3,771,1.4,0
312,64,1804,73,56,1,1269,1.5,1
313,68,2570,45,60,1,930,0.3,0
314,39,276,12,45,3,1171,2.3,0
315,34,628,164,43,1,654,3.9,0
316,67,1733,101,18,4,71,6.0,0
317,32,1065,279,51,3,1523,4.7,0
318,64,1617,257,37,4,1245,3.0,1
319,41,297,469,20,2,432,6.7,1
320,26,2757,336,23,1,183,5.0,0
321,24,2989,355,48,2,1499,6.5,0
322,68,952,397,56,2,1098,3.7,0
323,21,1637,137,28,1,552,1.8,1
324,16,2169,162,24,3,1258,0.4,0
325,26,1180,408,37,1,1158,5.1,1
326,21,2989,386,33,2,1640,0.8,0
327,14,197,110,17,2,1836,2.1,0
328,69,2003,101,52,3,193,3.7,0
329,26,534,16,18,1,1936,4.0,1
330,54,736,267,56,2,1983,4.2,0
331,18,687,181,42,4,1752,1.2,0
332,68,443,371,42,2,1485,2.7,0
333,51,1417,23,28,2,273,4.3,1
334,33,2079,28,12,3,269,6.8,1
335,40,670,170,19,4,228,5.1,0
336,56,710,408,49,2,1704,6.5,1
337,11,1827,227,56,2,482,5.3,0
338,33,2390,377,51,4,314,4.1,0
339,15,1954,187,10,1,1003,1.3,0
340,37,2708,345,38,1,478,4.7,0
341,10,1059,229,59,2,1735,4.4,1
342,36,2179,320,43,2,465,4.2,1
343,55,2538,339,60,1,1526,3.4,0
344,62,2424,118,22,3,776,3.7,0
345,30,631,155,10,4,246,2.3,1
346,50,1277,271,43,4,1627,3.6,1
347,33,2530,174,38,3,1126,1.4,0
348,8,1191,464,57,3,529,5.6,1
349,17,2001,103,56,3,1516,1.3,0
350,43,983,91,22,3,1403,0.6,0
351,19,2361,185,57,3,1324,3.1,1
352,33,1778,459,58,3,1880,4.6,0
353,33,2523,282,38,4,939,3.1,0
354,36,2891,180,48,3,1856,1.9,0
355,6,2360,169,33,1,974,3.9,1
356,51,2226,186,35,3,172,2.4,1
357,26,1849,174,26,3,1952,6.5,0
358,31,2775,221,16,4,1460,6.5,0
359,60,2751,232,22,4,1412,3.5,0
360,25,881,161,14,3,827,2.3,0
361,51,2827,420,35,4,397,5.2,0
362,63,2205,133,58,2,78,0.3,1
363,10,980,390,12,4,1024,3.3,0
364,23,546,479,16,4,84,2.4,0
365,61,2213,223,58,4,1591,6.4,0
366,7,1883,500,48,4,1469,0.1,0
367,5,1377,152,10,1,672,3.9,1
368,62,2091,32,58,1,1367,5.2,0
369,42,1167,54,26,1,638,3.4,0
370,19,1677,441,52,3,1422,0.6,0
371,38,1111,6,34,3,1220,6.8,0
372,65,2374,243,12,2,1140,3.6,0
373,39,873,312,24,1,953,4.3,0
374,68,2826,125,38,3,569,1.7,0
375,29,1914,11,52,4,171,3.4,0
376,28,2748,15,41,4,389,3.0,0
377,16,2526,207,35,1,224,0.5,0
378,22,1301,42,25,2,1973,0.7,1
379,19,1550,372,34,2,1764,5.9,0
380,31,2856,483,37,4,646,1.7,0
381,64,406,460,18,2,500,1.4,0
382,50,878,134,10,1,606,3.5,0
383,21,2651,227,38,4,1209,5.4,1
384,57,2415,110,31,3,1928,0.4,0
385,12,107,306,25,3,1089,4.0,1
386,31,2655,456,50,2,1406,0.8,0
387,50,575,159,60,4,1268,0.3,0
388,54,1420,330,53,4,1569,0.4,1
389,7,2311,263,60,3,58,5.8,0
390,68,584,224,50,4,1901,0.8,0
391,48,2714,470,16,4,383,0.3,0
392,57,1004,216,23,4,1406,3.1,1
393,28,658,455,38,2,1066,5.9,0
394,64,2067,44,28,4,376,1.8,1
395,7,2385,213,28,1,64,3.0,0
396,24,1227,58,11,2,888,0.3,1
397,50,1333,131,50,4,1687,3.1,0
398,19,2701,103,54,4,275,4.0,1
399,29,2975,194,24,1,1498,4.0,0
400,21,567,412,12,2,1863,2.3,1
401,13,2533,488,20,3,1481,2.2,0
402,42,2922,156,55,3,162,0.7,0
403,52,947,97,39,2,1501,2.6,0
404,64,2534,225,49,4,50,0.7,0
405,67,358,411,27,4,315,5.4,0
406,6,382,204,60,3,1564,6.8,1
407,15,1749,78,57,3,1281,6.8,1
408,68,1998,123,11,3,1695,6.1,0
409,25,139,470,41,1,1785,4.2,1
410,22,2633,427,17,3,1001,4.9,0
411,68,2367,217,31,1,1442,2.0,0
412,42,1114,3,15,2,355,4.4,1
413,36,712,89,21,4,61,3.2,0
414,15,2015,103,56,3,1418,3.4,1
415,49,787,392,49,4,1538,5.3,0
416,37,712,118,45,4,1773,2.0,0
417,45,2407,132,24,3,1739,2.2,0
418,12,2513,311,37,3,1567,6.5,0
419,15,1881,95,58,2,1441,0.4,0
420,55,1910,467,54,1,1919,3.4,1
421,45,2691,433,27,1,986,6.4,1
422,21,2796,330,11,4,469,4.3,1
423,50,1647,142,22,3,938,3.8,0
424,36,2030,287,54,2,1864,1.7,0
425,58,2961,27,24,2,220,2.4,0
426,24,1252,277,29,2,183,6.0,0
427,37,674,232,38,2,1014,3.9,0
428,44,2010,16,51,2,1500,3.6,1
429,36,1112,58,38,1,1098,0.7,0
430,6,769,89,12,1,1603,0.1,0
431,37,368,491,28,1,1263,6.7,0
432,34,1383,198,12,3,1214,2.6,0
433,37,1023,361,23,4,1628,4.2,0
434,30,1225,440,49,2,1919,0.6,1
435,26,1629,25,13,3,1869,4.8,0
436,70,1858,24,20,2,707,6.5,1
437,42,1694,393,40,1,1388,4.0,0
438,50,346,300,52,3,1517,0.9,0
439,19,1660,338,41,1,1392,4.1,0
440,48,2278,266,36,2,1514,5.4,1
441,53,2500,460,39,2,1165,2.8,1
442,65,2343,180,52,4,228,6.2,0
443,10,2039,455,11,2,1129,4.5,0
444,13,1029,359,58,1,1228,6.3,0
445,10,2792,67,18,2,1745,4.4,0
446,36,326,494,37,4,160,0.9,1
447,45,2848,350,40,4,186,2.2,0
448,12,364,411,43,1,281,1.4,0
449,54,1495,458,24,3,1041,6.4,0
450,66,1557,490,57,2,517,5.3,0
451,66,745,320,34,4,781,4.7,0
452,11,2358,48,45,2,530,2.1,0
453,8,1518,174,17,2,1141,1.3,1
454,10,1573,51,18,3,863,5.3,1
455,62,1487,101,46,4,1322,3.3,0
456,26,1999,215,57,2,1043,1.6,1
457,30,2604,437,54,4,372,4.3,0
458,7,2872,187,48,1,971,0.3,0
459,45,1349,56,41,1,953,2.3,0
460,64,1081,46,26,2,1591,3.3,0
461,18,1254,158,44,4,1865,1.0,0
462,16,687,488,46,2,1505,6.9,0
463,16,575,173,28,4,1560,1.5,0
464,17,1921,241,53,4,655,0.9,1
465,29,1085,281,38,3,478,1.4,0
466,49,2303,240,16,3,1342,5.4,0
467,23,1341,369,37,3,1782,3.0,0
468,59,289,4,18,2,1610,4.0,0
469,49,1540,83,37,3,197,0.1,0
470,12,1080,307,15,3,1191,0.2,1
471,57,1798,360,38,1,899,3.1,0
472,59,1815,458,26,4,416,5.7,0
473,36,2693,247,25,4,899,6.2,0
474,55,140,53,32,3,1139,0.6,0
475,48,2454,160,40,4,862,3.8,0
476,22,1042,433,12,1,1443,6.4,0
477,26,437,421,30,1,224,2.7,0
478,41,1437,410,35,3,1904,5.8,0
479,60,1198,225,45,1,637,0.9,0
480,63,2426,14,51,4,544,6.5,1
481,7,995,223,46,2,1022,5.3,0
482,32,2420,60,31,4,1187,6.6,1
483,39,2984,121,51,2,1184,4.7,1
484,65,2767,276,21,3,1834,2.5,0
485,58,1774,45,51,2,1512,6.6,0
486,67,1030,452,22,1,1788,1.9,0
487,11,388,389,20,4,1220,2.3,0
488,53,823,293,25,2,84,4.9,0
489,35,2419,61,17,4,1048,5.4,1
490,62,2053,85,49,3,1382,6.5,1
491,65,1189,445,49,3,587,1.4,0
492,28,582,209,54,1,799,5.6,0
493,24,1035,77,11,3,1087,5.2,0
494,41,2395,201,39,2,423,0.4,1
495,8,255,301,39,3,606,2.7,0
496,24,1170,396,21,1,1501,2.0,0
497,64,2058,222,19,4,1801,2.1,1
498,28,2601,221,53,4,282,6.9,0
499,54,2348,2,20,3,754,4.5,1
500,53,1783,477,24,2,612,5.0,0
501,55,223,5,25,1,988,6.8,0
502,40,2148,92,26,2,936,2.6,1
503,70,1067,7,35,1,775,5.6,0
504,38,954,427,11,3,1736,3.0,0
505,40,739,492,59,1,1513,6.1,0
506,10,2338,234,21,1,1575,1.3,0
507,43,1702,107,60,3,1348,6.6,0
508,46,2663,160,35,2,1923,1.5,0
509,62,541,208,32,3,125,2.3,0
510,16,2044,239,27,1,488,5.3,0
511,7,1938,330,41,3,1805,2.8,1
512,22,1929,332,58,1,1933,4.3,1
513,44,2290,49,47,3,748,3.1,0
514,25,632,10,56,4,1362,5.2,0
515,19,2374,350,12,4,964,1.6,0
516,30,1436,155,47,3,1613,0.4,0
517,12,1048,491,12,2,940,2.1,1
518,46,2119,69,39,1,741,3.3,1
519,48,559,168,10,4,302,1.2,0
520,18,650,271,39,2,1199,2.5,0
521,6,492,67,54,1,1250,2.8,0
522,41,1887,354,41,4,1110,0.4,0
523,42,944,251,37,4,459,4.1,0
524,45,2357,47,30,3,1684,6.2,1
525,66,1238,183,55,1,1683,1.1,1
526,64,745,319,22,2,176,4.2,0
527,18,2366,186,36,2,1556,4.7,0
528,6,2554,89,45,2,1241,2.9,1
529,21,1566,445,16,1,641,4.9,0
530,32,1477,331,31,2,343,2.9,0
531,70,2705,138,19,2,1918,3.5,0
532,39,2697,356,48,2,1711,0.1,1
533,9,241,88,24,3,1416,4.8,0
534,69,2759,273,24,3,1069,4.6,0
535,44,600,18,13,1,359,0.3,1
536,60,939,470,41,1,711,2.6,1
537,40,2849,310,32,2,577,6.9,1
538,49,1782,357,15,3,589,2.9,0
539,27,1665,373,33,4,468,3.5,0
540,51,2146,465,29,4,493,6.4,1
541,35,1630,153,46,2,734,5.0,1
542,15,695,389,29,2,1631,4.1,0
543,14,2004,259,21,3,889,5.6,0
544,18,380,107,42,3,285,6.1,1
545,14,523,370,37,3,1512,3.2,1
546,5,369,284,17,1,263,3.3,0
547,9,253,58,10,1,134,2.7,0
548,24,2761,124,46,2,843,6.8,0
549,12,1850,353,31,1,1817,4.9,0
550,47,761,272,15,3,134,0.6,0
551,5,2067,106,30,3,1994,6.0,0
552,61,182,298,41,1,1562,3.4,0
553,68,1549,244,44,4,114,0.5,0
554,32,1398,335,24,2,1719,3.8,0
555,41,2431,449,14,4,712,2.9,1
556,51,1079,417,55,2,676,6.1,0
557,41,2320,246,59,4,113,1.4,0
558,53,2910,7,57,1,1416,5.8,1
559,48,1759,140,15,2,988,3.9,0
560,60,1498,361,34,2,1948,0.4,1
561,32,732,7,55,2,968,6.8,1
562,10,1631,477,49,3,1425,3.6,0
563,65,886,351,38,3,1231,2.0,1
564,24,497,483,16,4,1662,3.3,0
565,6,1243,494,49,1,540,6.0,0
566,41,1033,93,22,3,1731,2.1,0
567,24,1560,320,47,2,1928,1.3,0
568,30,1952,426,27,3,1536,0.9,1
569,33,2823,38,11,1,1298,2.1,0
570,5,2612,80,17,3,1990,5.5,0
571,39,385,186,20,2,362,3.3,0
572,63,364,83,42,4,664,1.6,0
573,37,2467,87,47,2,968,1.2,0
574,55,2820,241,57,1,1932,2.3,0
575,16,2967,341,36,4,862,6.6,1
576,24,2236,92,29,3,989,2.4,0
577,57,1777,85,21,3,1539,6.9,1
578,47,1326,43,52,3,1161,3.4,0
579,54,920,136,40,4,1956,1.3,1
580,33,1862,420,36,2,1376,6.2,1
581,61,2481,73,41,4,729,3.2,0
582,43,2369,35,19,4,484,5.0,0
583,60,140,100,12,1,731,6.9,1
584,47,1831,475,54,4,1208,0.4,0
585,54,167,155,36,3,1123,0.7,1
586,27,1087,425,44,2,1505,5.0,0
587,48,1899,254,40,2,389,2.0,0
588,42,2661,170,24,2,396,1.3,0
589,27,1721,468,25,3,695,0.3,1
590,49,1755,215,22,3,1420,0.2,0
591,56,1378,169,58,3,698,5.4,1
592,54,794,251,44,3,294,0.9,1
593,12,2624,359,20,3,158,3.3,0
594,5,1185,321,30,4,1898,4.2,0
595,12,2579,54,60,3,1872,3.0,1
596,33,1793,455,20,3,582,0.2,0
597,9,2415,431,39,3,1163,5.5,1
598,51,1158,90,57,3,345,0.1,0
599,38,878,277,44,2,161,5.3,0
600,69,593,100,31,3,1886,6.3,1
601,59,1685,154,47,4,1662,3.0,0
602,47,1592,376,40,4,1250,3.7,0
603,34,1890,348,23,4,392,3.3,0
604,21,760,450,33,1,1733,2.7,0
605,30,1448,363,59,2,150,6.2,0
606,12,1427,140,58,3,1831,6.3,1
607,51,1399,172,41,1,678,2.4,0
608,50,2086,9,45,3,1677,4.3,0
609,37,2144,227,41,1,1474,6.5,0
610,5,2028,264,24,1,77,6.7,0
611,23,1447,437,52,4,986,3.6,0
612,35,1158,247,44,4,1610,3.2,1
613,18,1076,246,12,1,107,2.0,1
614,57,581,154,25,4,1571,6.7,0
615,52,827,33,14,1,346,1.0,0
616,66,2627,498,30,2,183,4.1,0
617,70,1131,128,19,4,1404,2.0,0
618,68,442,159,28,4,298,2.0,0
619,67,1547,88,34,4,1070,2.8,0
620,37,2479,92,13,2,599,7.0,0
621,45,2585,326,38,1,951,0.4,0
622,52,2321,240,28,3,1148,4.0,0
623,17,2706,322,52,4,1727,0.6,1
624,35,626,467,11,1,883,1.1,0
625,8,1996,403,19,2,1241,3.1,0
626,23,758,116,52,3,820,3.6,0
627,17,2173,93,34,4,1576,1.8,0
628,27,919,162,29,2,1958,2.2,1
629,5,2752,98,57,2,1428,0.6,0
630,58,505,112,28,3,1298,2.1,0
631,19,2379,358,32,1,1737,6.8,0
632,69,2680,90,33,4,1604,6.6,1
633,19,1673,345,20,4,195,2.3,0
634,25,1911,205,55,1,1314,4.0,0
635,23,604,16,43,1,1957,6.4,0
636,64,278,273,37,1,942,0.0,0
637,37,231,172,14,3,393,5.7,0
638,53,1946,115,14,3,1822,6.6,0
639,39,1578,348,60,4,1108,0.6,0
640,48,2495,467,30,3,751,1.1,1
641,15,2687,180,21,2,50,6.7,0
642,70,871,90,59,4,202,3.8,0
643,50,1529,81,13,3,478,0.1,0
644,13,2223,323,58,1,557,1.8,1
645,7,678,448,51,2,1199,3.1,0
646,30,1615,113,29,1,540,4.9,1
647,52,293,256,47,4,1555,5.1,0
648,70,2107,57,34,1,394,7.0,0
649,32,1285,153,23,3,1985,2.0,0
650,30,2494,364,20,3,1811,3.8,0
651,29,1484,403,41,4,270,3.7,1
652,16,1892,115,20,1,1988,2.8,1
653,9,1210,342,27,4,1992,1.2,0
654,52,2361,265,36,1,772,6.8,0
655,41,2036,314,27,2,1098,6.0,1
656,48,2720,202,32,3,577,3.5,0
657,19,879,40,20,4,1255,4.2,0
658,47,361,104,30,2,1572,1.6,0
659,52,829,388,53,2,890,3.8,0
660,50,382,377,14,4,1714,4.9,0
661,47,1590,192,32,4,1115,3.6,0
662,25,461,400,50,2,1988,6.9,0
663,27,540,277,34,1,530,4.3,0
664,51,2240,353,50,2,979,2.6,0
665,19,1744,236,19,4,1921,5.4,0
666,29,2900,424,31,2,1821,1.2,1
667,40,966,220,28,1,921,2.7,0
668,55,1547,67,10,3,1512,2.4,0
669,19,241,196,16,3,1475,3.0,1
670,25,1414,255,13,2,1619,5.5,1
671,17,1555,138,10,1,394,3.4,0
672,23,2896,311,24,3,1966,5.6,0
673,38,1975,434,49,2,94,4.0,1
674,56,1947,148,21,2,1719,2.4,1
675,31,1812,98,31,1,70,5.7,1
676,33,2800,75,31,4,1707,1.7,1
677,32,800,281,59,2,1143,1.6,0
678,39,1097,370,56,4,1937,3.5,0
679,12,2196,402,26,4,922,1.8,0
680,20,1425,108,38,3,97,0.1,0
681,40,980,187,55,4,1564,4.5,0
682,34,1313,198,23,1,600,3.6,0
683,22,1259,302,59,3,336,3.1,0
684,6,654,326,29,3,1051,6.8,1
685,53,503,153,59,3,1083,4.0,0
686,8,991,39,57,2,591,6.0,0
687,11,701,132,42,2,805,1.0,0
688,43,1930,404,52,4,323,4.0,0
689,17,440,461,24,3,1005,6.1,1
690,35,2068,131,21,3,649,4.1,0
691,67,803,278,49,1,1829,5.0,1
692,60,417,361,29,4,430,2.6,0
693,46,2765,83,39,1,1402,0.6,0
694,65,1486,398,47,4,528,3.2,0
695,46,2529,241,12,4,64,2.8,0
696,60,2380,115,37,2,565,6.1,1
697,40,1900,108,35,2,240,1.7,0
698,11,1467,220,39,1,1241,6.8,1
699,58,1672,391,22,4,1594,6.7,0
700,5,916,40,22,3,670,1.7,1
701,48,652,367,11,2,1210,2.4,0
702,49,955,146,46,3,203,6.3,1
703,51,1912,111,58,1,1461,6.8,0
704,17,2966,102,47,2,1282,3.1,0
705,26,282,45,11,2,321,2.2,0
706,25,1674,411,45,4,192,3.7,1
707,13,496,493,35,1,1684,4.8,0
708,30,1827,474,20,4,1962,1.9,0
709,13,2926,323,17,2,1893,5.2,1
710,19,1617,377,53,1,1142,0.4,0
711,14,1006,270,49,2,296,0.3,0
712,46,1456,482,52,1,1334,2.7,0
713,28,2274,420,31,2,837,2.5,0
714,53,100,384,29,3,128,2.2,1
715,30,118,194,17,3,1731,3.4,1
716,41,683,366,38,4,672,2.2,0
717,54,555,279,49,3,1843,1.3,1
718,28,2136,282,35,2,1678,2.2,0
719,23,1232,39,39,2,574,6.8,0
720,64,2592,446,26,3,821,2.9,0
721,43,2052,188,29,4,987,3.1,0
722,22,2749,163,25,3,1694,4.0,0
723,23,2250,481,55,1,1403,6.9,1
724,40,1087,476,52,1,1262,1.7,1
725,59,619,23,16,1,1168,4.8,0
726,51,958,23,25,3,666,5.0,0
727,53,273,489,54,3,1081,4.3,1
728,37,1466,3,56,3,116,0.6,1
729,25,2578,322,57,1,1569,4.7,1
730,26,826,289,36,4,240,0.4,0
731,52,1810,440,32,2,1439,4.2,1
732,41,1975,432,33,3,817,5.2,0
733,19,2997,470,18,4,570,1.5,0
734,39,1781,180,44,2,1039,5.9,0
735,36,1447,247,60,2,1190,0.2,0
736,15,1089,115,29,2,316,5.9,0
737,14,2786,278,46,4,1684,3.2,0
738,61,519,364,51,4,534,1.5,0
739,29,693,68,26,1,1582,0.9,1
740,6,2632,350,56,4,1371,6.7,0
741,68,1874,253,40,4,1982,0.5,0
742,39,2559,180,17,4,1237,1.4,0
743,11,1035,317,24,2,425,2.4,1
744,22,1207,168,40,3,702,4.3,0
745,46,1236,312,39,1,1341,3.8,0
746,43,431,248,55,3,598,0.9,0
747,45,2802,187,29,3,1147,2.0,1
748,28,2188,53,48,4,1581,1.7,1
749,64,1893,325,21,1,122,1.5,0
750,50,1058,356,58,3,357,2.9,0
751,23,204,312,26,3,248,4.9,1
752,46,301,137,51,1,1203,1.5,0
753,36,2597,167,39,4,1831,2.6,0
754,43,1942,390,38,3,1897,2.7,0
755,40,1966,102,28,2,621,6.8,0
756,40,2096,421,55,3,840,6.7,0
757,7,1389,84,20,2,1688,5.6,0
758,12,1009,316,43,4,1881,1.7,0
759,45,309,211,59,3,1905,0.5,1
760,17,662,2,16,1,1560,2.2,0
761,53,2860,383,53,1,1926,1.9,1
762,64,1663,178,43,3,1224,3.5,0
763,6,870,341,29,4,1742,5.4,0
764,64,2601,302,59,4,1279,6.0,0
765,9,2814,451,47,1,228,5.9,1
766,48,728,475,33,3,246,2.5,1
767,31,1728,331,19,4,784,4.8,0
768,36,1801,37,41,1,138,2.2,1
769,25,486,498,24,2,848,0.4,0
770,12,2035,419,46,3,1507,4.9,1
771,54,2443,238,29,2,837,0.1,1
772,48,2405,168,12,2,797,2.9,1
773,62,1204,452,46,4,1256,2.3,0
774,7,367,396,49,4,258,4.9,0
775,6,2566,342,17,4,542,5.4,0
776,48,2382,313,49,3,1203,2.1,0
777,6,1956,305,53,2,714,5.7,0
778,39,2098,29,32,3,1086,2.1,0
779,34,1480,189,49,4,1707,3.1,0
780,12,1336,356,20,2,920,5.1,0
781,26,673,24,55,3,781,4.9,0
782,48,148,111,17,3,1179,6.9,0
783,62,1250,410,38,1,1448,1.6,1
784,40,322,434,39,3,1655,4.6,0
785,35,1531,205,19,4,1780,4.3,0
786,51,1628,184,48,3,747,6.4,1
787,59,1919,381,37,2,1172,1.1,0
788,66,2424,495,58,3,643,5.3,0
789,34,1561,378,45,1,1660,4.0,0
790,59,1230,46,22,2,935,1.9,0
791,20,1781,373,41,2,901,3.3,1
792,16,2567,227,45,1,1265,2.3,0
793,21,2758,38,46,4,374,4.1,0
794,20,474,15,35,2,1028,6.2,0
795,16,2220,21,31,4,1799,4.0,0
796,12,2121,212,13,2,1900,4.4,1
797,7,1153,309,40,2,1005,3.6,0
798,20,1989,148,27,4,1540,0.4,0
799,34,1923,455,47,2,943,1.6,0
800,27,1574,240,33,4,1440,3.4,0
801,9,2342,271,32,1,1391,2.2,0
802,69,1279,58,31,4,193,1.3,1
803,34,2994,286,11,1,433,3.5,1
804,25,1164,425,40,2,265,2.3,1
805,26,2170,201,20,4,1434,1.8,1
806,36,459,31,37,2,373,3.2,0
807,37,2707,442,55,4,1088,0.9,0
808,20,2819,161,41,1,266,6.5,1
809,42,2141,254,14,1,1565,6.1,1
810,18,1241,253,47,4,1000,5.0,1
811,40,1735,8,19,1,1620,0.7,0
812,27,1503,464,49,2,232,5.4,0
813,70,2043,138,55,2,319,5.7,1
814,6,778,479,33,3,994,5.4,1
815,69,2587,9,44,1,1540,0.8,1
816,56,106,213,53,2,919,4.5,0
817,66,2568,272,57,4,1685,5.8,0
818,27,1691,323,32,1,1592,4.0,0
819,30,932,47,26,2,1615,4.5,1
820,59,2706,435,10,1,516,3.2,0
821,10,1910,110,40,4,354,3.7,0
822,39,1013,152,40,2,1217,0.2,1
823,26,2111,122,51,3,160,4.5,0
824,47,1542,404,51,3,1063,0.6,1
825,19,1550,356,43,1,281,3.0,0
826,64,1602,101,18,4,1764,2.0,1
827,16,225,240,31,2,1657,3.8,0
828,53,2542,320,22,4,1795,0.9,1
829,46,916,190,34,2,1805,4.8,1
830,42,1929,216,57,1,1665,5.6,0
831,49,675,50,27,2,1573,1.1,0
832,39,2472,291,60,4,644,0.7,0
833,34,1515,80,21,4,1627,1.0,0
834,34,1029,488,49,1,1346,6.1,1
835,10,1563,382,26,4,1776,3.7,0
836,11,932,87,24,2,222,3.3,0
837,56,1154,193,51,1,1022,0.7,0
838,18,1748,103,24,2,1080,4.5,1
839,19,2000,270,24,4,1228,6.1,1
840,25,1557,95,48,1,1595,5.8,0
841,39,2984,422,22,2,595,4.4,0
842,70,1499,378,26,4,597,0.5,0
843,6,542,197,41,4,1994,0.8,0
844,39,2222,0,18,3,567,0.3,0
845,24,656,494,49,4,1993,1.8,0
846,14,1278,406,29,2,963,0.9,0
847,29,2137,377,35,1,264,1.8,0
848,70,462,166,36,3,183,2.7,0
849,29,2595,125,30,4,334,6.6,0
850,58,1357,312,27,4,1199,4.3,0
851,37,1941,80,22,4,1994,5.8,1
852,40,2409,417,25,2,1512,5.0,1
853,18,1950,250,18,3,1922,0.8,0
854,69,2272,168,21,2,735,5.2,0
855,58,1010,476,53,3,1225,1.9,1
856,56,344,72,47,1,380,4.5,1
857,7,641,140,28,2,1611,2.4,0
858,45,2632,69,16,2,1456,7.0,0
859,10,2269,261,44,1,1188,1.8,0
860,29,2272,339,57,3,943,2.0,0
861,17,1672,307,27,4,1555,6.5,0
862,12,2317,244,25,1,1357,0.2,0
863,25,223,2,48,4,948,4.9,0
864,29,2793,336,13,4,1148,5.1,0
865,49,1831,62,34,1,1239,5.9,0
866,64,885,48,41,3,1262,6.8,0
867,16,2143,75,49,4,127,6.8,0
868,36,2348,367,22,1,996,0.5,0
869,17,2516,174,54,2,1675,5.8,0
870,35,896,108,26,2,737,4.5,1
871,24,176,182,58,2,70,4.5,0
872,22,158,191,46,1,615,0.9,1
873,64,2578,64,15,2,1257,4.6,1
874,67,2785,336,28,4,1944,6.9,0
875,10,1623,450,22,2,1295,6.4,0
876,36,2036,473,35,2,876,3.1,0
877,47,2256,270,23,4,1401,0.3,1
878,6,1401,99,40,2,228,2.5,1
879,64,167,31,13,4,1861,5.8,1
880,27,2452,351,48,2,1185,4.9,0
881,35,2032,127,17,4,1809,3.2,0
882,9,2821,451,34,2,1799,0.4,0
883,38,464,401,22,4,1132,3.0,0
884,14,920,368,41,1,1400,3.3,0
885,6,1502,338,47,4,954,6.5,0
886,15,2490,42,47,2,1694,4.5,1
887,54,1046,371,37,2,1970,2.2,0
888,35,1677,418,39,3,718,3.7,0
889,60,1477,487,12,4,240,0.5,0
890,13,1539,77,37,1,1273,6.8,1
891,25,861,313,12,4,1385,2.5,1
892,32,440,288,54,4,757,3.3,0
893,66,482,269,43,1,1108,2.5,0
894,11,1103,161,25,4,428,4.8,0
895,20,1656,188,31,1,436,4.6,1
896,8,399,246,41,1,1831,5.0,0
897,8,238,387,47,4,286,1.9,0
898,44,458,215,17,4,665,2.2,0
899,21,935,314,17,2,1592,0.9,0
900,56,1622,412,15,2,332,4.6,1
901,56,1727,338,23,3,50,0.3,0
902,40,2082,389,41,3,1804,4.2,0
903,42,1403,376,44,4,513,6.1,0
904,54,2630,480,19,1,1303,6.2,0
905,67,1008,432,12,3,1016,3.1,1
906,67,1234,167,21,4,221,3.2,0
907,66,2286,338,58,3,1160,0.5,1
908,11,1095,500,40,1,1626,4.7,1
909,31,2582,192,38,4,1196,5.7,0
910,18,2656,452,14,1,892,1.7,0
911,9,2420,282,34,4,1371,2.9,0
912,59,2251,335,50,3,1958,5.9,1
913,6,1337,389,40,2,739,6.1,0
914,66,1884,487,30,3,624,1.7,0
915,25,2909,12,29,3,1557,3.9,0
916,25,2934,239,48,2,214,1.3,1
917,14,264,319,31,2,1772,0.7,0
918,62,1098,445,13,4,432,6.4,0
919,43,2667,482,22,4,258,5.7,0
920,9,1407,146,54,1,1812,5.3,0
921,69,2664,203,51,1,1505,0.3,1
922,17,756,79,59,3,1462,5.9,0
923,57,2760,378,58,2,1633,3.1,1
924,49,2311,42,29,1,273,2.4,0
925,36,2009,457,22,3,52,3.8,0
926,40,2146,88,26,2,421,0.6,0
927,64,2211,147,45,4,1760,5.3,0
928,15,1240,94,42,3,1519,4.1,0
929,67,1989,451,10,4,660,1.3,0
930,25,366,427,24,1,165,1.3,0
931,56,1945,150,22,1,1343,1.3,0
932,59,1808,1,26,2,496,0.4,0
933,30,2393,375,33,3,1441,4.1,1
934,38,2542,21,17,4,1326,5.9,0
935,56,1610,370,59,2,1390,0.1,0
936,56,575,312,36,1,464,0.3,0
937,33,1076,484,54,1,1168,4.0,1
938,42,1307,327,32,3,1858,5.7,1
939,46,1143,6,55,4,941,2.3,0
940,25,2060,205,17,3,1097,2.4,1
941,46,657,439,17,4,1701,4.2,0
942,17,1117,374,35,4,712,1.9,0
943,68,1705,450,56,3,1923,0.2,1
944,21,982,113,22,2,1123,5.1,1
945,13,2294,271,48,3,1575,4.4,0
946,45,765,82,46,3,767,4.1,1
947,5,2767,178,58,1,1571,5.2,0
948,6,1871,209,37,1,1408,4.7,1
949,64,2967,499,34,3,1152,1.4,0
950,52,963,463,25,3,1655,2.5,0
951,33,681,327,11,1,1100,0.9,0
952,14,794,123,27,4,320,0.9,0
953,62,1351,480,26,3,611,4.7,0
954,64,1710,112,39,2,853,6.0,0
955,25,1339,11,48,2,296,6.7,0
956,32,2554,125,22,2,1849,4.4,0
957,38,498,52,41,3,1664,1.3,0
958,12,2046,330,59,4,436,0.7,0
959,63,814,388,38,4,751,5.7,0
960,53,803,282,55,1,608,4.1,1
961,21,2908,139,39,3,1022,4.3,1
962,64,2646,400,27,4,1434,5.5,1
963,49,1814,389,22,3,1939,4.9,0
964,36,2072,96,52,1,1033,5.8,1
965,48,181,4,30,1,1561,0.4,0
966,69,703,56,39,1,401,5.2,0
967,12,2070,411,30,2,1774,6.0,0
968,47,1810,333,57,3,1329,2.0,1
969,5,2146,68,26,1,1295,4.5,0
970,55,2919,117,49,3,1957,2.2,0
971,28,1002,375,28,2,802,6.7,0
972,28,464,58,24,2,830,0.2,1
973,21,262,32,18,1,1074,4.1,0
974,9,2658,317,19,1,595,1.2,0
975,24,1963,49,53,4,1519,5.0,0
976,25,215,367,40,3,128,1.2,0
977,62,2484,488,32,1,1309,1.6,0
978,35,980,18,39,4,383,3.5,0
979,15,2884,213,42,3,938,6.4,1
980,56,939,196,18,1,1422,1.5,0
981,19,2294,378,56,4,1171,1.0,0
982,11,1446,449,10,4,1155,5.3,0
983,32,2590,477,53,3,551,3.5,0
984,55,2984,46,44,4,1550,6.4,0
985,62,1136,166,20,3,2000,1.0,0
986,9,1042,451,43,3,1777,4.5,0
987,9,1824,288,25,3,814,1.6,1
988,12,2434,140,18,2,970,1.1,0
989,68,2867,83,41,4,599,4.8,0
990,14,1237,181,24,3,63,4.2,1
991,42,2627,390,21,1,441,5.3,0
992,12,121,78,42,2,1420,2.2,1
993,29,1849,214,54,2,359,3.1,0
994,70,782,13,23,4,435,2.8,0
995,54,1933,214,17,3,1282,6.9,1
996,53,2467,402,17,4,1430,2.0,0
997,40,225,127,36,2,1023,2.1,0
998,45,376,309,21,3,1674,2.5,1
999,66,2099,476,10,1,1641,4.0,0
1000,14,1327,247,52,3,1167,1.8,0
